{
  "properties": {
    "yaml.trace.server": {
      "type": "string",
      "enum": ["off", "messages", "verbose"],
      "default": "off",
      "description": "Traces the communication between VSCode and the YAML language service."
    },
    "yaml.schemas": {
      "type": "object",
      "default": {},
      "description": "Associate schemas to YAML files in the current workspace"
    },
    "yaml.format.enable": {
      "type": "boolean",
      "default": true,
      "description": "Enable/disable default YAML formatter"
    },
    "yaml.format.singleQuote": {
      "type": "boolean",
      "default": false,
      "description": "Use single quotes instead of double quotes"
    },
    "yaml.format.bracketSpacing": {
      "type": "boolean",
      "default": true,
      "description": "Print spaces between brackets in objects"
    },
    "yaml.format.proseWrap": {
      "type": "string",
      "default": "preserve",
      "enum": ["preserve", "never", "always"],
      "description": "Always: wrap prose if it exeeds the print width, Never: never wrap the prose, Preserve: wrap prose as-is"
    },
    "yaml.format.printWidth": {
      "type": "integer",
      "default": 80,
      "description": "Specify the line length that the printer will wrap on"
    },
    "yaml.validate": {
      "type": "boolean",
      "default": true,
      "description": "Enable/disable validation feature"
    },
    "yaml.hover": {
      "type": "boolean",
      "default": true,
      "description": "Enable/disable hover feature"
    },
    "yaml.completion": {
      "type": "boolean",
      "default": true,
      "description": "Enable/disable completion feature"
    },
    "yaml.customTags": {
      "type": "array",
      "default": [],
      "description": "Custom tags for the parser to use"
    },
    "yaml.schemaStore.enable": {
      "type": "boolean",
      "default": true,
      "description": "Automatically pull available YAML schemas from JSON Schema Store"
    }
  }
}
